Test model,Test set,Total Kalman MSe,Total NN MSE
RNN,MNST 0,6.678725155831527,1.2692702243783267
RNN,MNST 1,0.7775477652308352,1.1232726347029582
RNN,MNST 2,0.7699390060351275,0.5100860622821827
RNN,MNST 3,1.6191717375543255,0.43731301483823765
RNN,MNST 4,0.7782068874925788,0.492271583774058
RNN,MNST 5,0.7424093781164792,0.7087540044971399
