Test model,Test set,Kalman MSE X,NN MSE X,EKF MSE X,UKF MSE X
LSTM,Intel 1,0.04414543638954304,2.1772766707197166,0.03773169273749839,0.018972432718270343
LSTM,FB Campus 1,0.033132659863987834,1.3725110439333894,0.020228996144065214,0.34008262266126915
LSTM,FB Campus 2,0.07621627252435961,2.2536992758454653,0.02602321387755348,0.2625986560818654
LSTM,Intel 2,0.032647277911940074,2.320019203853137,0.03938560110762803,0.030092165452275395
