Test model,Test set,Kalman MSE Y,NN MSE Y,EKF MSE Y,UKF MSE Y
LSTM,Intel 1,0.021452933278523354,0.9421576314076433,0.025917927102360926,0.03884523379712412
LSTM,FB Campus 1,0.06427949822750345,0.6869023858200286,0.025454675603654206,0.3566723641953249
LSTM,FB Campus 2,0.07910566740462556,0.8650835313937881,0.007638658013418514,0.23161130976058675
LSTM,Intel 2,0.013596176969076607,1.1351106571450058,0.041925763763915554,0.07876171513563988
