Test model,Test set,Total Kalman MSe,Total NN MSE
LSTM,MNST 0,6.69753534373971,1.1878671024301528
LSTM,MNST 1,0.768245955152451,0.9875083326115491
LSTM,MNST 2,0.7616108805283237,0.24961278872290057
LSTM,MNST 3,1.6189454453771979,0.3251746021291528
LSTM,MNST 4,0.8269270533144253,0.2289597846211076
LSTM,MNST 5,0.8590532870601488,0.9328319400122165
