Test model,Test set,Kalman MSE X,NN MSE X,EKF MSE X,UKF MSE X
RNN,Intel 1,0.04415492800818155,0.800243141627904,0.04038311702711493,0.022657320648789923
RNN,FB Campus 1,0.03262422549987738,0.45236960861200176,0.020631612174216277,0.3213226812076651
RNN,FB Campus 2,0.09639869785259547,1.0755038534029189,0.02714170695136996,0.24868786837839507
RNN,Intel 2,0.033456455561715795,0.7535375085978055,0.03856289670891559,0.029034262376151088
