Test model,Test set,Kalman MSE Y,NN MSE Y,EKF MSE Y,UKF MSE Y
RNN,Intel 1,0.020722706986131243,1.2536821841260228,0.02743387473582674,0.0391436046330828
RNN,FB Campus 1,0.06520206950673452,1.1601209173718847,0.026208617351803815,0.3675004170738475
RNN,FB Campus 2,0.08536952805854359,1.0835342718149208,0.007322476259176188,0.24095579751438664
RNN,Intel 2,0.013656469635064693,1.311517357653212,0.041748910621549284,0.07726555972328668
